year,title,authors,abstract,url
2020,Exploring AI Futures Through Role Play,Shahar Avin; Ross Gruetzemacher; James Fox,"We present an innovative methodology for studying and teaching the impacts of AI through a role-play game. The game serves two primary purposes: 1) training AI developers and AI policy professionals to reflect on and prepare for future social and ethical challenges related to AI and 2) exploring possible futures involving AI technology development, deployment, social impacts, and governance. While the game currently focuses on the inter-relations between short-, mid- and long-term impacts of AI, it has potential to be adapted for a broad range of scenarios, exploring in greater depths issues of AI policy research and affording training within organizations. The game presented here has undergone two years of development and has been tested through over 30 events involving between 3 and 70 participants. The game is under active development, but preliminary findings suggest that role-play is a promising methodology for both exploring AI futures and training individuals and organizations in thinking about, and reflecting on, the impacts of AI and strategic mistakes that can be avoided today.",https://doi-org.myaccess.library.utoronto.ca/10.1145/3375627.3375817
2020,Activism by the AI Community: Analysing Recent Achievements and Future Prospects,Haydn Belfield,"The artificial intelligence (AI) community has recently engaged in activism in relation to their employers, other members of the community, and their governments in order to shape the societal and ethical implications of AI. It has achieved some notable successes, but prospects for further political organising and activism are uncertain. We survey activism by the AI community over the last six years; apply two analytical frameworks drawing upon the literature on epistemic communities, and worker organising and bargaining; and explore what they imply for the future prospects of the AI community. Success thus far has hinged on a coherent shared culture, and high bargaining power due to the high demand for a limited supply of AI 'talent'. Both are crucial to the future of AI activism and worthy of sustained attention.",https://doi-org.myaccess.library.utoronto.ca/10.1145/3375627.3375814
2020,Fair Allocation through Selective Information Acquisition,William Cai; Johann Gaebler; Nikhil Garg; Sharad Goel,"Public and private institutions must often allocate scarce resources under uncertainty. Banks, for example, extend credit to loan applicants based in part on their estimated likelihood of repaying a loan. But when the quality of information differs across candidates (e.g., if some applicants lack traditional credit histories), common lending strategies can lead to disparities across groups. Here we consider a setting in which decision makers---before allocating resources---can choose to spend some of their limited budget further screening select individuals. We present a computationally efficient algorithm for deciding whom to screen that maximizes a standard measure of social welfare. Intuitively, decision makers should screen candidates on the margin, for whom the additional information could plausibly alter the allocation. We formalize this idea by showing the problem can be reduced to solving a series of linear programs. Both on synthetic and real-world datasets, this strategy improves utility, illustrating the value of targeted information acquisition in such decisions. Further, when there is social value for distributing resources to groups for whom we have a priori poor information---like those without credit scores---our approach can substantially improve the allocation of limited assets.",https://doi-org.myaccess.library.utoronto.ca/10.1145/3375627.3375823
2020,The Problem with Intelligence: Its Value-Laden History and the Future of AI,Stephen Cave,"This paper argues that the concept of intelligence is highly value-laden in ways that impact on the field of AI and debates about its risks and opportunities. This value-ladenness stems from the historical use of the concept of intelligence in the legitimation of dominance hierarchies. The paper first provides a brief overview of the history of this usage, looking at the role of intelligence in patriarchy, the logic of colonialism and scientific racism. It then highlights five ways in which this ideological legacy might be interacting with debates about AI and its risks and opportunities: 1) how some aspects of the AI debate perpetuate the fetishization of intelligence; 2) how the fetishization of intelligence impacts on diversity in the technology industry; 3) how certain hopes for AI perpetuate notions of technology and the mastery of nature; 4) how the association of intelligence with the professional class misdirects concerns about AI; and 5) how the equation of intelligence and dominance fosters fears of superintelligence. This paper therefore takes a first step in bringing together the literature on intelligence testing, eugenics and colonialism from a range of disciplines with that on the ethics and societal impact of AI.",https://doi-org.myaccess.library.utoronto.ca/10.1145/3375627.3375813
2020,Learning Occupational Task-Shares Dynamics for the Future of Work,Subhro Das; Sebastian Steffen; Wyatt Clarke; Prabhat Reddy; Erik Brynjolfsson; Martin Fleming,"The recent wave of AI and automation has been argued to differ from previous General Purpose Technologies (GPTs), in that it may lead to rapid change in occupations' underlying task requirements and persistent technological unemployment. In this paper, we apply a novel methodology of dynamic task shares to a large dataset of online job postings to explore how exactly occupational task demands have changed over the past decade of AI innovation, especially across high, mid and low wage occupations. Notably, big data and AI have risen significantly among high wage occupations since 2012 and 2016, respectively. We built an ARIMA model to predict future occupational task demands and showcase several relevant examples in Healthcare, Administration, and IT. Such task demands predictions across occupations will play a pivotal role in retraining the workforce of the future.",https://doi-org.myaccess.library.utoronto.ca/10.1145/3375627.3375826
2020,Social Contracts for Non-Cooperative Games,Alan Davoust; Michael Rovatsos,"In future agent societies, we might see AI systems engaging in selfish, calculated behavior, furthering their owners' interests instead of socially desirable outcomes. How can we promote morally sound behaviour in such settings, in order to obtain more desirable outcomes? A solution from moral philosophy is the concept of a social contract, a set of rules that people would voluntarily commit to in order to obtain better outcomes than those brought by anarchy. We adapt this concept to a game-theoretic setting, to systematically modify the payoffs of a non-cooperative game, so that agents will rationally pursue socially desirable outcomes. We show that for any game, a suitable social contract can be designed to produce an optimal outcome in terms of social welfare. We then investigate the limitations of applying this approach to alternative moral objectives, and establish that, for any alternative moral objective that is significantly different from social welfare, there are games for which no such social contract will be feasible that produces non-negligible social benefit compared to collective selfish behaviour.",https://doi-org.myaccess.library.utoronto.ca/10.1145/3375627.3375829
2020,The AI Liability Puzzle and a Fund-Based Work-Around,Olivia J. Erd\'{e}lyi; G\'{a}bor Erd\'{e}lyi,"Certainty around the regulatory environment is crucial to facilitate responsible AI innovation and its social acceptance. However, the existing legal liability system is inapt to assign responsibility where a potentially harmful conduct and/or the harm itself are unforeseeable, yet some instantiations of AI and/or the harms they may trigger are not foreseeable in the legal sense. The unpredictability of how courts would handle such cases makes the risks involved in the investment and use of AI incalculable, creating an environment that is not conducive to innovation and may deprive society of some benefits AI could provide. To tackle this problem, we propose to draw insights from financial regulatory best-practices and establish a system of AI guarantee schemes. We envisage the system to form part of the broader market-structuring regulatory framework, with the primary function to provide a readily available, clear, and transparent funding mechanism to compensate claims that are either extremely hard or impossible to realize via conventional litigation. We propose at least partial industry-funding, with funding arrangements depending on whether it would pursue other potential policy goals.",https://doi-org.myaccess.library.utoronto.ca/10.1145/3375627.3375806
2020,Algorithmic Fairness from a Non-ideal Perspective,Sina Fazelpour; Zachary C. Lipton,"Inspired by recent breakthroughs in predictive modeling, practitioners in both industry and government have turned to machine learning with hopes of operationalizing predictions to drive automated decisions. Unfortunately, many social desiderata concerning consequential decisions, such as justice or fairness, have no natural formulation within a purely predictive framework. In the hopes of mitigating these problems, researchers have proposed a variety of metrics for quantifying deviations from various statistical parities that we might hope to observe in a fair world, offering a variety of algorithms that attempt to satisfy subsets of these parities or to trade off the degree to which they are satisfied against utility. In this paper, we connect this approach to fair machine learning to the literature on ideal and non-ideal methodological approaches in political philosophy. The ideal approach requires positing the principles according to which a just world would operate. In the most straightforward application of ideal theory, one supports a proposed policy by arguing that it closes a discrepancy between the real and ideal worlds. However, by failing to account for the mechanisms by which our non-ideal world arose, the responsibilities of various decision-makers, and the impacts of their actions, naive applications of ideal thinking can lead to misguided policies. In this paper, we demonstrate a connection between the recent literature on fair machine learning and the ideal approach in political philosophy, and show that some recently uncovered shortcomings in proposed algorithms reflect broader troubles faced by the ideal approach. We work this analysis through for different formulations of fairness and conclude with a critical discussion of real-world impacts and directions for new research.",https://doi-org.myaccess.library.utoronto.ca/10.1145/3375627.3375828
2020,Bayesian Sensitivity Analysis for Offline Policy Evaluation,Jongbin Jung; Ravi Shroff; Avi Feller; Sharad Goel,"On a variety of complex decision-making tasks, from doctors prescribing treatment to judges setting bail, machine learning algorithms have been shown to outperform expert human judgments. One complication, however, is that it is often difficult to anticipate the effects of algorithmic policies prior to deployment, as one generally cannot use historical data to directly observe what would have happened had the actions recommended by the algorithm been taken. A common strategy is to model potential outcomes for alternative decisions assuming that there are no unmeasured confounders (i.e., to assume ignorability). But if this ignorability assumption is violated, the predicted and actual effects of an algorithmic policy can diverge sharply. In this paper we present a flexible Bayesian approach to gauge the sensitivity of predicted policy outcomes to unmeasured confounders. In particular, and in contrast to past work, our modeling framework easily enables confounders to vary with the observed covariates. We demonstrate the efficacy of our method on a large dataset of judicial actions, in which one must decide whether defendants awaiting trial should be required to pay bail or can be released without payment.",https://doi-org.myaccess.library.utoronto.ca/10.1145/3375627.3375822
2020,"Biased Priorities, Biased Outcomes: Three Recommendations for Ethics-oriented Data Annotation Practices",Gunay Kazimzade; Milagros Miceli,"In this paper, we analyze the relation between data-related biases and practices of data annotation, by placing them in the context of market economy. We understand annotation as a praxis related to the sensemaking of data and investigate annotation practices for vision models by focusing on the values that are prioritized by industrial decision-makers and practitioners. The quality of data is critical for machine learning models as it holds the power to (mis-)represent the population it is intended to analyze. For autonomous systems to be able to make sense of the world, humans first need to make sense of the data these systems will be trained on. This paper addresses this issue, guided by the following research questions: Which goals are prioritized by decision-makers at the data annotation stage? How do these priorities correlate with data-related bias issues? Focusing on work practices and their context, our research goal aims at understanding the logics driving companies and their impact on the performed annotations. The study follows a qualitative design and is based on 24 interviews with relevant actors and extensive participatory observations, including several weeks of fieldwork at two companies dedicated to data annotation for vision models in Buenos Aires, Argentina and Sofia, Bulgaria. The prevalence of market-oriented values over socially responsible approaches is argued based on three corporate priorities that inform work practices in this field and directly shape the annotations performed: profit (short deadlines connected to the strive for profit are prioritized over alternative approaches that could prevent biased outcomes), standardization (the strive for standardized and, in many cases, reductive or biased annotations to make data fit the products and revenue plans of clients), and opacity (related to client's power to impose their criteria on the annotations that are performed. Criteria that most of the times remain opaque due to corporate confidentiality). Finally, we introduce three elements, aiming at developing ethics-oriented practices of data annotation, that could help prevent biased outcomes: transparency (regarding the documentation of data transformations, including information on responsibilities and criteria for decision-making.), education (training on the potential harms caused by AI and its ethical implications, that could help data annotators and related roles adopt a more critical approach towards the interpretation and labeling of data), and regulations (clear guidelines for ethical AI developed at the governmental level and applied both in private and public organizations).",https://doi-org.myaccess.library.utoronto.ca/10.1145/3375627.3375809
2020,Defining AI in Policy versus Practice,P. M. Krafft; Meg Young; Michael Katell; Karen Huang; Ghislain Bugingo,"Recent concern about harms of information technologies motivate consideration of regulatory action to forestall or constrain certain developments in the field of artificial intelligence (AI). However, definitional ambiguity hampers the possibility of conversation about this urgent topic of public concern. Legal and regulatory interventions require agreed-upon definitions, but consensus around a definition of AI has been elusive, especially in policy conversations. With an eye towards practical working definitions and a broader understanding of positions on these issues, we survey experts and review published policy documents to examine researcher and policy-maker conceptions of AI. We find that while AI researchers favor definitions of AI that emphasize technical functionality, policy-makers instead use definitions that compare systems to human thinking and behavior. We point out that definitions adhering closely to the functionality of AI systems are more inclusive of technologies in use today, whereas definitions that emphasize human-like capabilities are most applicable to hypothetical future technologies. As a result of this gap, ethical and regulatory efforts may overemphasize concern about future technologies at the expense of pressing issues with existing deployed technologies.",https://doi-org.myaccess.library.utoronto.ca/10.1145/3375627.3375835
2020,"""How do I fool you?"": Manipulating User Trust via Misleading Black Box Explanations",Himabindu Lakkaraju; Osbert Bastani,"As machine learning black boxes are increasingly being deployed in critical domains such as healthcare and criminal justice, there has been a growing emphasis on developing techniques for explaining these black boxes in a human interpretable manner. There has been recent concern that a high-fidelity explanation of a black box ML model may not accurately reflect the biases in the black box. As a consequence, explanations have the potential to mislead human users into trusting a problematic black box. In this work, we rigorously explore the notion of misleading explanations and how they influence user trust in black box models. Specifically, we propose a novel theoretical framework for understanding and generating misleading explanations, and carry out a user study with domain experts to demonstrate how these explanations can be used to mislead users. Our work is the first to empirically establish how user trust in black box models can be manipulated via misleading explanations.",https://doi-org.myaccess.library.utoronto.ca/10.1145/3375627.3375833
2020,Normative Principles for Evaluating Fairness in Machine Learning,Derek Leben,"There are many incompatible ways to measure fair outcomes for machine learning algorithms. The goal of this paper is to characterize rates of success and error across protected groups (race, gender, sexual orientation) as a distribution problem, and describe the possible solutions to this problem according to different normative principles from moral and political philosophy. These normative principles are based on various competing attributes within a distribution problem: intentions, compensation, desert, consent, and consequences. Each principle will be applied to a sample risk-assessment classifier to demonstrate the philosophical arguments underlying different sets of fairness metrics.",https://doi-org.myaccess.library.utoronto.ca/10.1145/3375627.3375808
2020,Good Explanation for Algorithmic Transparency,Joy Lu; Dokyun (DK) Lee; Tae Wan Kim; David Danks,"Machine learning algorithms have gained widespread usage across a variety of domains, both in providing predictions to expert users and recommending decisions to everyday users. However, these AI systems are often black boxes, and end-users are rarely provided with an explanation. The critical need for explanation by AI systems has led to calls for algorithmic transparency, including the ""right to explanation'' in the EU General Data Protection Regulation (GDPR). These initiatives presuppose that we know what constitutes a meaningful or good explanation, but there has actually been surprisingly little research on this question in the context of AI systems. In this paper, we (1) develop a generalizable framework grounded in philosophy, psychology, and interpretable machine learning to investigate and define characteristics of good explanation, and (2) conduct a large-scale lab experiment to measure the impact of different factors on people's perceptions of understanding, usage intention, and trust of AI systems. The framework and study together provide a concrete guide for managers on how to present algorithmic prediction rationales to end-users to foster trust and adoption, and elements of explanation and transparency to be considered by AI researchers and engineers in designing, developing, and deploying transparent or explainable algorithms.",https://doi-org.myaccess.library.utoronto.ca/10.1145/3375627.3375821
2020,Does AI Qualify for the Job? A Bidirectional Model Mapping Labour and AI Intensities,"Fernando Mart\'{\i}nez-Plumed; Song\""{u}l Tolan; Annarosa Pesole; Jos\'{e} Hern\'{a}ndez-Orallo; Enrique Fern\'{a}ndez-Mac\'{\i}as; Emilia G\'{o}mez","In this paper we present a setting for examining the relation be-tween the distribution of research intensity in AI research and the relevance for a range of work tasks (and occupations) in current and simulated scenarios. We perform a mapping between labourand AI using a set of cognitive abilities as an intermediate layer. This setting favours a two-way interpretation to analyse (1) what impact current or simulated AI research activity has or would have on labour-related tasks and occupations, and (2) what areas of AI research activity would be responsible for a desired or undesired effect on specific labour tasks and occupations. Concretely, in our analysis we map 59 generic labour-related tasks from several worker surveys and databases to 14 cognitive abilities from the cognitive science literature, and these to a comprehensive list of 328 AI benchmarks used to evaluate progress in AI techniques. We provide this model and its implementation as a tool for simulations. We also show the effectiveness of our setting with some illustrative examples.",https://doi-org.myaccess.library.utoronto.ca/10.1145/3375627.3375831
2020,An Empirical Approach to Capture Moral Uncertainty in AI,Andreia Martinho; Maarten Kroesen; Caspar Chorus,As AI Systems become increasingly autonomous they are expected to engage in complex moral decision-making processes. For the purpose of guidance of such processes theoretical and empirical solutions have been sought. In this research we integrate both theoretical and empirical lines of thought to address the matters of moral reasoning in AI Systems. We reconceptualize a metanormative framework for decision-making under moral uncertainty within the Discrete Choice Analysis domain and we operationalize it through a latent class choice model. The discrete choice analysis-based formulation of the metanormative framework is theory-rooted and practical as it captures moral uncertainty through a small set of latent classes. To illustrate our approach we conceptualize a society in which AI Systems are in charge of making policy choices. In the proof of concept two AI systems make policy choices on behalf of a society but while one of the systems uses a baseline moral certain model the other uses a moral uncertain model. It was observed that there are cases in which the AI Systems disagree about the policy to be chosen which we believe is an indication about the relevance of moral uncertainty.,https://doi-org.myaccess.library.utoronto.ca/10.1145/3375627.3375805
2020,When Trusted Black Boxes Don't Agree: Incentivizing Iterative Improvement and Accountability in Critical Software Systems,Jeanna Neefe Matthews; Graham Northup; Isabella Grasso; Stephen Lorenz; Marzieh Babaeianjelodar; Hunter Bashaw; Sumona Mondal; Abigail Matthews; Mariama Njie; Jessica Goldthwaite,"Software increasingly plays a key role in regulated areas like housing, hiring, and credit, as well as major public functions such as criminal justice and elections. It is easy for there to be unintended defects with a large impact on the lives of individuals and society as a whole. Preventing, finding, and fixing software defects is a key focus of both industrial software development efforts as well as academic research in software engineering. In this paper, we discuss flaws in the larger socio-technical decision-making processes in which critical black-box software systems are developed, deployed, and trusted. We use criminal justice software, specifically probabilistic genotyping (PG) software, as a concrete example. We describe how PG software systems, designed to do the same job, produce different results. We highlight the under-appreciated impact of changes in key parameters and the disparate impact that one such parameter can have on different racial/ethnic groups. We propose concrete changes to the socio-technical decision-making processes surrounding the use of PG software that could be used to incentivize iterative improvements in the accuracy, fairness, reliability, and accountability of these systems.",https://doi-org.myaccess.library.utoronto.ca/10.1145/3375627.3375807
2020,When Your Only Tool Is A Hammer: Ethical Limitations of Algorithmic Fairness Solutions in Healthcare Machine Learning,Melissa McCradden; Mjaye Mazwi; Shalmali Joshi; James A. Anderson,"It is no longer a hypothetical worry that artificial intelligence - more specifically, machine learning (ML) - can propagate the effects of pernicious bias in healthcare. To address these problems, some have proposed the development of 'algorithmic fairness' solutions. The primary goal of these solutions is to constrain the effect of pernicious bias with respect to a given outcome of interest as a function of one's protected identity (i.e., characteristics generally protected by civil or human rights legislation. The technical limitations of these solutions have been well-characterized. Ethically, the problematic implication - of developers, potentially, and end users - is that by virtue of algorithmic fairness solutions a model can be rendered 'objective' (i.e., free from the influence of pernicious bias). The ostensible neutrality of these solutions may unintentionally prompt new consequences for vulnerable groups by obscuring downstream problems due to the persistence of real-world bias.The main epistemic limitation of algorithmic fairness is that it assumes the relationship between the extent of bias's impact on a given health outcome and one's protected identity is mathematically quantifiable. The reality is that social and structural factors confluence in complex and unknown ways to produce health inequalities. Some of these are biologic in nature, and differences like these are directly relevant to predicting a health event and should be incorporated into the model's design. Others are reflective of prejudice, lack of access to healthcare, or implicit bias. Sometimes, there may be a combination. With respect to any specific task, it is difficult to untangle the complex relationships between potentially influential factors and which ones are 'fair' and which are not to inform their inclusion or mitigation in the model's design.",https://doi-org.myaccess.library.utoronto.ca/10.1145/3375627.3375824
2020,Ethics for AI Writing: The Importance of Rhetorical Context,Heidi A. McKee; James E. Porter,"Implicit in any rhetorical interaction-between humans or between humans and machines-are ethical codes that shape the rhetorical context, the social situation in which communication happens and also the engine that drives communicative interaction. Such implicit codes are usually invisible to AI writing systems because the social factors shaping communication (the why and how of language, not the what) are not usually explicitly evident in databases the systems use to produce discourse. Can AI writing systems learn to learn rhetorical context, particularly the implicit codes for communication ethics? We see evidence that some systems do address issues of rhetorical context, at least in rudimentary ways. But we critique the information transfer communication model supporting many AI writing systems, arguing for a social context model that accounts for rhetorical context-what is, in a sense, ""not there"" in the data corpus but that is critical for the production of meaningful, significant, and ethical communication. We offer two ethical principles to guide design of AI writing systems: transparency about machine presence and critical data awareness, a methodological reflexivity about rhetorical context and omissions in the data that need to be provided by a human agent or accounted for in machine learning.",https://doi-org.myaccess.library.utoronto.ca/10.1145/3375627.3375811
2020,Diversity and Inclusion Metrics in Subset Selection,Margaret Mitchell; Dylan Baker; Nyalleng Moorosi; Remi Denton; Ben Hutchinson; Alex Hanna; Timnit Gebru; Jamie Morgenstern,"The ethical concept of fairness has recently been applied in machine learning (ML) settings to describe a wide range of constraints and objectives. When considering the relevance of ethical concepts to subset selection problems, the concepts of diversity and inclusion are additionally applicable in order to create outputs that account for social power and access differentials. We introduce metrics based on these concepts, which can be applied together, separately, and in tandem with additional fairness constraints. Results from human subject experiments lend support to the proposed criteria. Social choice methods can additionally be leveraged to aggregate and choose preferable sets, and we detail how these may be applied.",https://doi-org.myaccess.library.utoronto.ca/10.1145/3375627.3375832
2020,Learning Norms from Stories: A Prior for Value Aligned Agents,Md Sultan Al Nahian; Spencer Frazier; Mark Riedl; Brent Harrison,"Value alignment is a property of an intelligent agent indicating that it can only pursue goals and activities that are beneficial to humans. Traditional approaches to value alignment use imitation learning or preference learning to infer the values of humans by observing their behavior. We introduce a complementary technique in which a value-aligned prior is learned from naturally occurring stories which encode societal norms. Training data is sourced from the children's educational comic strip, Goofus \&amp; Gallant. In this work, we train multiple machine learning models to classify natural language descriptions of situations found in the comic strip as normative or non-normative by identifying if they align with the main characters' behavior. We also report the models' performance when transferring to two unrelated tasks with little to no additional training on the new task.",https://doi-org.myaccess.library.utoronto.ca/10.1145/3375627.3375825
2020,Balancing the Tradeoff between Profit and Fairness in Rideshare Platforms during High-Demand Hours,Vedant Nanda; Pan Xu; Karthik Abinav Sankararaman; John P. Dickerson; Aravind Srinivasan,"Rideshare platforms, when assigning requests to drivers, tend to maximize profit for the system and/or minimize waiting time for riders. Such platforms can exacerbate biases that drivers may have over certain types of requests. We consider the case of peak hours when the demand for rides is more than the supply of drivers. Drivers are well aware of their advantage during the peak hours and can choose to be selective about which rides to accept. Moreover, if in such a scenario, the assignment of requests to drivers (by the platform) is made only to maximize profit and/or minimize wait time for riders, requests of a certain type (e.g., from a non-popular pickup location, or to a non-popular drop-off location) might never be assigned to a driver. Such a system can be highly unfair to riders. However, increasing fairness might come at a cost of the overall profit made by the rideshare platform. To balance these conflicting goals, we present a flexible, non-adaptive algorithm, NAdap, that allows the platform designer to control the profit and fairness of the system via parameters α and β respectively.We model the matching problem as an online bipartite matching where the set of drivers is offline and requests arrive online. Upon the arrival of a request, we use NAdap to assign it to a driver (the driver might then choose to accept or reject it) or reject the request. We formalize the measures of profit and fairness in our setting and show that by using NAdap, the competitive ratios for profit and fairness measures would be no worse than α/e and β/e respectively. Extensive experimental results on both real-world and synthetic datasets confirm the validity of our theoretical lower bounds. Additionally, they show that NAdap under some choice of (α, β) can beat two natural heuristics, Greedy and Uniform, on both fairness and profit. Code is available at: https://github.com/nvedant07/rideshare-fairness-peak/. Full paper can be found in the proceedings of AAAI 2020 and on ArXiv: http://arxiv.org/abs/1912.08388).",https://doi-org.myaccess.library.utoronto.ca/10.1145/3375627.3375818
2020,"Technocultural Pluralism: A ""Clash of Civilizations"" in Technology?",Osonde A. Osoba,"At the end of the Cold War, the renowned political scientist, Samuel Huntington, argued that future conflicts were more likely to stem from cultural frictions -- ideologies, social norms, and political systems -- rather than political or economic frictions. Huntington focused his concern on the future of geopolitics in a rapidly shrinking world. This paper argues that a similar dynamic is at play in the interaction of technology cultures. We emphasize the role of culture in the evolution of technology and identify the particular role that culture (esp. privacy culture) plays in the development of AI/ML technologies. Then we examine some implications that this perspective brings to the fore.",https://doi-org.myaccess.library.utoronto.ca/10.1145/3375627.3375834
2020,Beyond Near- and Long-Term: Towards a Clearer Account of Research Priorities in AI Ethics and Society,Carina Prunkl; Jess Whittlestone,"One way of carving up the broad 'AI ethics and society' research space that has emerged in recent years is to distinguish between 'near-term' and 'long-term' research. While such ways of breaking down the research space can be useful, we put forward several concerns about the near/long-term distinction gaining too much prominence in how research questions and priorities are framed. We highlight some ambiguities and inconsistencies in how the distinction is used, and argue that while there are differing priorities within this broad research community, these differences are not well-captured by the near/long-term distinction. We unpack the near/long-term distinction into four different dimensions, and propose some ways that researchers can communicate more clearly about their work and priorities using these dimensions. We suggest that moving towards a more nuanced conversation about research priorities can help establish new opportunities for collaboration, aid the development of more consistent and coherent research agendas, and enable identification of previously neglected research areas.",https://doi-org.myaccess.library.utoronto.ca/10.1145/3375627.3375803
2020,Algorithmized but not Atomized? How Digital Platforms Engender New Forms of Worker Solidarity in Jakarta,Rida Qadri,"Jakarta's roads are green, filled as they are with the fluorescent green jackets, bright green logos and fluttering green banners of basecamps created by the city's digitized, 'online' motorbike-taxi drivers (ojol). These spaces function as waiting posts, regulatory institutions, information networks and spaces of solidarity for the ojol working for mobility-app companies, Grab and GoJek. Their existence though, presents a puzzle. In the world of on-demand matching, literature either predicts an isolated, atomized, disempowered digital worker or expects workers to have only temporary, online, ephemeral networks of mutual aid. Yet, Jakarta's ojol then introduce us to a new form of labor action that relies on an interface of the physical world and digital realm, complete with permanent shelters, quirky names, emblems, social media accounts and even their own emergency response service. This paper explores the contours of these labor formations and asks why digital workers in Jakarta are able to create collective structures of solidarity, even as app-mediated work may force them towards an individualized labor regime? I argue that these digital labor collectives are not accidental but a product of interactions between histories of social organization structures in Jakarta and affordances created by technological-mediation. Through participant observation and semi-structured interviews I excavate the bi-directional conversation between globalizing digital platforms and social norms, civic culture and labor market conditions in Jakarta which has allowed for particular forms of digital worker resistances to emerge. I recover power for the digital worker, who provides us with a path to resisting algorithmization of work while still participating in it through agentic labor actions rooted in shared identities, enabled by technological fluency and borne out of a desire for community.",https://doi-org.myaccess.library.utoronto.ca/10.1145/3375627.3375816
2020,Saving Face: Investigating the Ethical Concerns of Facial Recognition Auditing,Inioluwa Deborah Raji; Timnit Gebru; Margaret Mitchell; Joy Buolamwini; Joonseok Lee; Remi Denton,"Although essential to revealing biased performance, well intentioned attempts at algorithmic auditing can have effects that may harm the very populations these measures are meant to protect. This concern is even more salient while auditing biometric systems such as facial recognition, where the data is sensitive and the technology is often used in ethically questionable manners. We demonstrate a set of fiveethical concerns in the particular case of auditing commercial facial processing technology, highlighting additional design considerations and ethical tensions the auditor needs to be aware of so as not exacerbate or complement the harms propagated by the audited system. We go further to provide tangible illustrations of these concerns, and conclude by reflecting on what these concerns mean for the role of the algorithmic audit and the fundamental product limitations they reveal.",https://doi-org.myaccess.library.utoronto.ca/10.1145/3375627.3375820
2020,Human Comprehension of Fairness in Machine Learning,Debjani Saha; Candice Schumann; Duncan C. McElfresh; John P. Dickerson; Michelle L. Mazurek; Michael Carl Tschantz,"Bias in machine learning has manifested injustice in several areas, with notable examples including gender bias in job-related ads [4], racial bias in evaluating names on resumes [3], and racial bias in predicting criminal recidivism [1]. In response, research into algorithmic fairness has grown in both importance and volume over the past few years. Different metrics and approaches to algorithmic fairness have been proposed, many of which are based on prior legal and philosophical concepts [2]. The rapid expansion of this field makes it difficult for professionals to keep up, let alone the general public. Furthermore, misinformation about notions of fairness can have significant legal implications.Computer scientists have largely focused on developing mathematical notions of fairness and incorporating them in fielded ML systems. A much smaller collection of studies has measured public perception of bias and (un)fairness in algorithmic decision-making. However, one major question underlying the study of ML fairness remains unanswered in the literature: Does the general public understand mathematical definitions of ML fairness and their behavior in ML applications? We take a first step towards answering this question by studying non-expert comprehension and perceptions of one popular definition of ML fairness, demographic parity [5]. Specifically, we developed an online survey to address the following: (1) Does a non-technical audience comprehend the definition and implications of demographic parity? (2) Do demographics play a role in comprehension? (3) How are comprehension and sentiment related? (4) Does the application scenario affect comprehension?",https://doi-org.myaccess.library.utoronto.ca/10.1145/3375627.3375819
2020,"What's Next for AI Ethics, Policy, and Governance? A Global Overview",Daniel Schiff; Justin Biddle; Jason Borenstein; Kelly Laas,"Since 2016, more than 80 AI ethics documents - including codes, principles, frameworks, and policy strategies - have been produced by corporations, governments, and NGOs. In this paper, we examine three topics of importance related to our ongoing empirical study of ethics and policy issues in these emerging documents. First, we review possible challenges associated with the relative homogeneity of the documents' creators. Second, we provide a novel typology of motivations to characterize both obvious and less obvious goals of the documents. Third, we discuss the varied impacts these documents may have on the AI governance landscape, including what factors are relevant to assessing whether a given document is likely to be successful in achieving its goals.",https://doi-org.myaccess.library.utoronto.ca/10.1145/3375627.3375804
2020,Trade-offs in Fair Redistricting,Zachary Schutzman,"What constitutes a 'fair' electoral districting plan is a discussion dating back to the founding of the United States and, in light of several recent court cases, mathematical developments, and the approaching 2020 U.S. Census, is still a fiercely debated topic today. In light of the growing desire and ability to use algorithmic tools in drawing these districts, we discuss two prototypical formulations of fairness in this domain: drawing the districts by a neutral procedure or drawing them to intentionally induce an equitable electoral outcome. We then generate a large sample of districting plans for North Carolina and Pennsylvania and consider empirically how compactness and partisan symmetry, as instantiations of these frameworks, trade off with each other -- prioritizing the value of one of these necessarily comes at a cost in the other.",https://doi-org.myaccess.library.utoronto.ca/10.1145/3375627.3375802
2020,CERTIFAI: A Common Framework to Provide Explanations and Analyse the Fairness and Robustness of Black-box Models,Shubham Sharma; Jette Henderson; Joydeep Ghosh,"Concerns within the machine learning community and external pressures from regulators over the vulnerabilities of machine learning algorithms have spurred on the fields of explainability, robustness, and fairness. Often, issues in explainability, robustness, and fairness are confined to their specific sub-fields and few tools exist for model developers to use to simultaneously build their modeling pipelines in a transparent, accountable, and fair way. This can lead to a bottleneck on the model developer's side as they must juggle multiple methods to evaluate their algorithms. In this paper, we present a single framework for analyzing the robustness, fairness, and explainability of a classifier. The framework, which is based on the generation of counterfactual explanations through a custom genetic algorithm, is flexible, model-agnostic, and does not require access to model internals. The framework allows the user to calculate robustness and fairness scores for individual models and generate explanations for individual predictions which provide a means for actionable recourse (changes to an input to help get a desired outcome). This is the first time that a unified tool has been developed to address three key issues pertaining towards building a responsible artificial intelligence system.",https://doi-org.myaccess.library.utoronto.ca/10.1145/3375627.3375812
2020,The Offense-Defense Balance of Scientific Knowledge: Does Publishing AI Research Reduce Misuse?,Toby Shevlane; Allan Dafoe,"There is growing concern over the potential misuse of artificial intelligence (AI) research. Publishing scientific research can facilitate misuse of the technology, but the research can also contribute to protections against misuse. This paper addresses the balance between these two effects. Our theoretical framework elucidates the factors governing whether the published research will be more useful for attackers or defenders, such as the possibility for adequate defensive measures, or the independent discovery of the knowledge outside of the scientific community. The balance will vary across scientific fields. However, we show that the existing conversation within AI has imported concepts and conclusions from prior debates within computer security over the disclosure of software vulnerabilities. While disclosure of software vulnerabilities often favours defence, this cannot be assumed for AI research. The AI research community should consider concepts and policies from a broad set of adjacent fields, and ultimately needs to craft policy well-suited to its particular challenges.",https://doi-org.myaccess.library.utoronto.ca/10.1145/3375627.3375815
2020,Fooling LIME and SHAP: Adversarial Attacks on Post hoc Explanation Methods,Dylan Slack; Sophie Hilgard; Emily Jia; Sameer Singh; Himabindu Lakkaraju,"As machine learning black boxes are increasingly being deployed in domains such as healthcare and criminal justice, there is growing emphasis on building tools and techniques for explaining these black boxes in an interpretable manner. Such explanations are being leveraged by domain experts to diagnose systematic errors and underlying biases of black boxes. In this paper, we demonstrate that post hoc explanations techniques that rely on input perturbations, such as LIME and SHAP, are not reliable. Specifically, we propose a novel scaffolding technique that effectively hides the biases of any given classifier by allowing an adversarial entity to craft an arbitrary desired explanation. Our approach can be used to scaffold any biased classifier in such a way that its predictions on the input data distribution still remain biased, but the post hoc explanations of the scaffolded classifier look innocuous. Using extensive evaluation with multiple real world datasets (including COMPAS), we demonstrate how extremely biased (racist) classifiers crafted by our framework can easily fool popular explanation techniques such as LIME and SHAP into generating innocuous explanations which do not reflect the underlying biases.",https://doi-org.myaccess.library.utoronto.ca/10.1145/3375627.3375830
2020,U.S. Public Opinion on the Governance of Artificial Intelligence,Baobao Zhang; Allan Dafoe,"Artificial intelligence (AI) has widespread societal implications, yet social scientists are only beginning to study public attitudes toward the technology. Existing studies find that the public's trust in institutions can play a major role in shaping the regulation of emerging technologies. Using a large-scale survey (N=2000), we examined Americans' perceptions of 13 AI governance challenges as well as their trust in governmental, corporate, and multistakeholder institutions to responsibly develop and manage AI. While Americans perceive all of the AI governance issues to be important for tech companies and governments to manage, they have only low to moderate trust in these institutions to manage AI applications.",https://doi-org.myaccess.library.utoronto.ca/10.1145/3375627.3375827
2020,"Different ""Intelligibility"" for Different Folks",Yishan Zhou; David Danks,"Many arguments have concluded that our autonomous technologies must be intelligible, interpretable, or explainable, even if that property comes at a performance cost. In this paper, we consider the reasons why some property like these might be valuable, we conclude that there is not simply one kind of 'intelligibility', but rather different types for different individuals and uses. In particular, different interests and goals require different types of intelligibility (or explanations, or other related notion). We thus provide a typography of 'intelligibility' that distinguishes various notions, and draw methodological conclusions about how autonomous technologies should be designed and deployed in different ways, depending on whose intelligibility is required.",https://doi-org.myaccess.library.utoronto.ca/10.1145/3375627.3375810
2020,AI and Holistic Review: Informing Human Reading in College Admissions,A.J. Alvero; Noah Arthurs; anthony lising antonio; Benjamin W. Domingue; Ben Gebre-Medhin; Sonia Giebel; Mitchell L. Stevens,"College admissions in the United States is carried out by a human-centered method of evaluation known as holistic review, which typically involves reading original narrative essays submitted by each applicant. The legitimacy and fairness of holistic review, which gives human readers significant discretion over determining each applicant's fitness for admission, has been repeatedly challenged in courtrooms and the public sphere. Using a unique corpus of 283,676 application essays submitted to a large, selective, state university system between 2015 and 2016, we assess the extent to which applicant demographic characteristics can be inferred from application essays. We find a relatively interpretable classifier (logistic regression) was able to predict gender and household income with high levels of accuracy. Findings suggest that data auditing might be useful in informing holistic review, and perhaps other evaluative systems, by checking potential bias in human or computational readings.",https://doi-org.myaccess.library.utoronto.ca/10.1145/3375627.3375871
2020,Robot Rights? Let's Talk about Human Welfare Instead,Abeba Birhane; Jelle van Dijk,"The 'robot rights' debate, and its related question of 'robot responsibility', invokes some of the most polarized positions in AI ethics. While some advocate for granting robots rights on a par with human beings, others, in a stark opposition argue that robots are not deserving of rights but are objects that should be our slaves. Grounded in post-Cartesian philosophical foundations, we argue not just to deny robots 'rights', but to deny that robots, as artifacts emerging out of and mediating human being, are the kinds of things that could be granted rights in the first place. Once we see robots as mediators of human being, we can understand how the 'robots rights' debate is focused on first world problems, at the expense of urgent ethical concerns, such as machine bias, machine elicited human labour exploitation, and erosion of privacy all impacting society's least privileged individuals. We conclude that, if human being is our starting point and human welfare is the primary concern, the negative impacts emerging from machinic systems, as well as the lack of taking responsibility by people designing, selling and deploying such machines, remains the most pressing ethical discussion in AI.",https://doi-org.myaccess.library.utoronto.ca/10.1145/3375627.3375855
2020,Artificial Artificial Intelligence: Measuring Influence of AI 'Assessments' on Moral Decision-Making,Lok Chan; Kenzie Doyle; Duncan McElfresh; Vincent Conitzer; John P. Dickerson; Jana Schaich Borg; Walter Sinnott-Armstrong,"Given AI's growing role in modeling and improving decision-making, how and when to present users with feedback is an urgent topic to address. We empirically examined the effect of feedback from false AI on moral decision-making about donor kidney allocation. We found some evidence that judgments about whether a patient should receive a kidney can be influenced by feedback about participants' own decision-making perceived to be given by AI, even if the feedback is entirely random. We also discovered different effects between assessments presented as being from human experts and assessments presented as being from AI.",https://doi-org.myaccess.library.utoronto.ca/10.1145/3375627.3375870
2020,A Just Approach Balancing Rawlsian Leximax Fairness and Utilitarianism,Violet (Xinying) Chen; J. N. Hooker,"Numerous AI-assisted resource allocation decisions need to balance the conflicting goals of fairness and efficiency. Our paper studies the challenging task of defining and modeling a proper fairness-efficiency trade off. We define fairness with Rawlsian leximax fairness, which views the lexicographic maximum among all feasible outcomes as the most equitable; and define efficiency with Utilitarianism, which seeks to maximize the sum of utilities received by entities regardless of individual differences. Motivated by a justice-driven trade off principle: prioritize fairness to benefit the less advantaged unless too much efficiency is sacrificed, we propose a sequential optimization procedure to balance leximax fairness and utilitarianism in decision-making. Each iteration of our approach maximizes a social welfare function, and we provide a practical mixed integer/linear programming (MILP) formulation for each maximization problem. We illustrate our method on a budget allocation example. Compared with existing approaches of balancing equity and efficiency, our method is more interpretable in terms of parameter selection, and incorporates a strong equity criterion with a thoroughly balanced perspective.",https://doi-org.myaccess.library.utoronto.ca/10.1145/3375627.3375844
2020,Should Artificial Intelligence Governance be Centralised? Design Lessons from History,Peter Cihon; Matthijs M. Maas; Luke Kemp,"Can effective international governance for artificial intelligence remain fragmented, or is there a need for a centralised international organisation for AI? We draw on the history of other international regimes to identify advantages and disadvantages in centralising AI governance. Some considerations, such as efficiency and political power, speak in favour of centralisation. Conversely, the risk of creating a slow and brittle institution speaks against it, as does the difficulty in securing participation while creating stringent rules. Other considerations depend on the specific design of a centralised institution. A well-designed body may be able to deter forum shopping and ensure policy coordination. However, forum shopping can be beneficial and a fragmented landscape of institutions can be self-organising. Centralisation entails trade-offs and the details matter. We conclude with two core recommendations. First, the outcome will depend on the exact design of a central institution. A well-designed centralised regime covering a set of coherent issues could be beneficial. But locking-in an inadequate structure may pose a fate worse than fragmentation. Second, for now fragmentation will likely persist. This should be closely monitored to see if it is self-organising or simply inadequate.",https://doi-org.myaccess.library.utoronto.ca/10.1145/3375627.3375857
2020,An Invitation to System-wide Algorithmic Fairness,Efr\'{e}n Cruz Cort\'{e}s; Debashis Ghosh,"We propose a framework for analyzing and evaluating system-wide algorithmic fairness. The core idea is to use simulation techniques in order to extend the scope of current fairness assessments by incorporating context and feedback to a phenomenon of interest. By doing so, we expect to better understand the interaction among the social behavior giving rise to discrimination, automated decision making tools, and fairness-inspired statistical constraints. In particular, we invite the community to use agent based models as an explanatory tool for causal mechanisms of population level properties. We also propose embedding these into a reinforcement learning algorithm to find optimal actions for meaningful change. As an incentive for taking a system-wide approach , we show through a simple model of predictive policing and trials that if we limit our attention to one portion of the system, we may determine some blatantly unfair practices as fair, and be blind to overall unfairness.",https://doi-org.myaccess.library.utoronto.ca/10.1145/3375627.3375860
2020,Hard Choices in Artificial Intelligence: Addressing Normative Uncertainty through Sociotechnical Commitments,Roel I.J. Dobbe; Thomas Krendl Gilbert; Yonatan Mintz,"The implementation of AI systems has led to new forms of harm in various sensitive social domains. We analyze these as problems How to address these harms remains at the center of controversial debate. In this paper, we discuss the inherent normative uncertainty and political debates surrounding the safety of AI systems.of vagueness to illustrate the shortcomings of current technical approaches in the AI Safety literature, crystallized in three dilemmas that remain in the design, training and deployment of AI systems. We argue that resolving normative uncertainty to render a system 'safe' requires a sociotechnical orientation that combines quantitative and qualitative methods and that assigns design and decision power across affected stakeholders to navigate these dilemmas through distinct channels for dissent. We propose a set of sociotechnical commitments and related virtues to set a bar for declaring an AI system 'human-compatible', implicating broader interdisciplinary design approaches.",https://doi-org.myaccess.library.utoronto.ca/10.1145/3375627.3375861
2020,Toward Implementing the Agent-Deed-Consequence Model of Moral Judgment in Autonomous Vehicles,Veljko Dubljevic,"Autonomous vehicles (AVs) and accidents they are involved in attest to the urgent need to consider the ethics of AI. The question dominating the discussion has been whether we want AVs to behave in a 'selfish' or utilitarian manner. Rather than considering modeling self-driving cars on a single moral system like utilitarianism, one possible way to approach programming for AI would be to reflect recent work in neuroethics. The Agent-Deed-Consequence (ADC) model [1-4] provides a promising account while also lending itself well to implementation in AI. The ADC model explains moral judgments by breaking them down into positive or negative intuitive evaluations of the Agent, Deed, and Consequence in any given situation. These intuitive evaluations combine to produce a judgment of moral acceptability. This explains the considerable flexibility and stability of human moral judgment that has yet to be replicated in AI. This&nbsp;paper examines the advantages and disadvantages of implementing the ADC model and how the model could inform future work on ethics of AI in general.",https://doi-org.myaccess.library.utoronto.ca/10.1145/3375627.3375853
2020,Investigating the Impact of Inclusion in Face Recognition Training Data on Individual Face Identification,Chris Dulhanty; Alexander Wong,"Modern face recognition systems leverage datasets containing images of hundreds of thousands of specific individuals' faces to train deep convolutional neural networks to learn an embedding space that maps an arbitrary individual's face to a vector representation of their identity. The performance of a face recognition system in face verification (1:1) and face identification (1:N) tasks is directly related to the ability of an embedding space to discriminate between identities. Recently, there has been significant public scrutiny into the source and privacy implications of large-scale face recognition training datasets such as MS-Celeb-1M and MegaFace, as many people are uncomfortable with their face being used to train dual-use technologies that can enable mass surveillance. However, the impact of an individual's inclusion in training data on a derived system's ability to recognize them has not previously been studied. In this work, we audit ArcFace, a state-of-the-art, open source face recognition system, in a large-scale face identification experiment with more than one million distractor images. We find a Rank-1 face identification accuracy of 79.71\% for individuals present in the model's training data and an accuracy of 75.73\% for those not present. This modest difference in accuracy demonstrates that face recognition systems using deep learning work better for individuals they are trained on, which has serious privacy implications when one considers all major open source face recognition training datasets do not obtain informed consent from individuals during their collection.",https://doi-org.myaccess.library.utoronto.ca/10.1145/3375627.3375875
2020,Proposal for Type Classification for Building Trust in Medical Artificial Intelligence Systems,Arisa Ema; Katsue Nagakura; Takanori Fujita,"This paper proposes the establishment of Medical Artificial Intelligence (AI) Types (MA Types)""that classify AI in medicine not only by technical system requirements but also implications to healthcare workers' roles and users/patients. MA Types can be useful to promote discussion regarding the purpose and application of the clinical site. Although MA Types are based on the current technologies and regulations in Japan, but that does not hinder the potential reform of the technologies and regulations. MA Types aims to facilitate discussions among physicians, healthcare workers, engineers, public/patients and policymakers on AI systems in medical practices.",https://doi-org.myaccess.library.utoronto.ca/10.1145/3375627.3375846
2020,Adoption Dynamics and Societal Impact of AI Systems in Complex Networks,Pedro M. Fernandes; Francisco C. Santos; Manuel Lopes,"We propose a game-theoretical model to simulate the dynamics of AI adoption in adaptive networks. This formalism allows us to understand the impact of the adoption of AI systems for society as a whole, addressing some of the concerns on the need for regulation. Using this model we study the adoption of AI systems, the distribution of the different types of AI (from selfish to utilitarian), the appearance of clusters of specific AI types, and the impact on the fitness of each individual. We suggest that the entangled evolution of individual strategy and network structure constitutes a key mechanism for the sustainability of utilitarian and human-conscious AI. Differently, in the absence of rewiring, a minority of the population can easily foster the adoption of selfish AI and gains a benefit at the expense of the remaining majority.",https://doi-org.myaccess.library.utoronto.ca/10.1145/3375627.3375847
2020,Auditing Algorithms: On Lessons Learned and the Risks of Data Minimization,Gemma Galdon Clavell; Mariano Mart\'{\i}n Zamorano; Carlos Castillo; Oliver Smith; Aleksandar Matic,"In this paper, we present the Algorithmic Audit (AA) of REM!X, a personalized well-being recommendation app developed by Telef\'{o}nica Innovaci\'{o}n Alpha. The main goal of the AA was to identify and mitigate algorithmic biases in the recommendation system that could lead to the discrimination of protected groups. The audit was conducted through a qualitative methodology that included five focus groups with developers and a digital ethnography relying on users comments reported in the Google Play Store. To minimize the collection of personal information, as required by best practice and the GDPR [1], the REM!X app did not collect gender, age, race, religion, or other protected attributes from its users. This limited the algorithmic assessment and the ability to control for different algorithmic biases. Indirect evidence was thus used as a partial mitigation for the lack of data on protected attributes, and allowed the AA to identify four domains where bias and discrimination were still possible, even without direct personal identifiers. Our analysis provides important insights into how general data ethics principles such as data minimization, fairness, non-discrimination and transparency can be operationalized via algorithmic auditing, their potential and limitations, and how the collaboration between developers and algorithmic auditors can lead to better technologies",https://doi-org.myaccess.library.utoronto.ca/10.1145/3375627.3375852
2020,"More Than ""If Time Allows"": The Role of Ethics in AI Education",Natalie Garrett; Nathan Beard; Casey Fiesler,"Even as public pressure mounts for technology companies to consider societal impacts of products, industries and governments in the AI race are demanding technical talent. To meet this demand, universities clamor to add technical artificial intelligence (AI) and machine learning (ML) courses into computing curriculum-but how are societal and ethical considerations part of this landscape? We explore two pathways for ethics content in AI education: (1) standalone AI ethics courses, and (2) integrating ethics into technical AI courses. For both pathways, we ask: What is being taught? As we train computer scientists who will build and deploy AI tools, how are we training them to consider the consequences of their work? In this exploratory work, we qualitatively analyzed 31 standalone AI ethics classes from 22 U.S. universities and 20 AI/ML technical courses from 12 U.S. universities to understand which ethics-related topics instructors include in courses. We identify and categorize topics in AI ethics education, share notable practices, and note omissions. Our analysis will help AI educators identify what topics should be taught and create scaffolding for developing future AI ethics education.",https://doi-org.myaccess.library.utoronto.ca/10.1145/3375627.3375868
2020,A Geometric Solution to Fair Representations,Yuzi He; Keith Burghardt; Kristina Lerman,"To reduce human error and prejudice, many high-stakes decisions have been turned over to machine algorithms. However, recent research suggests that this does not remove discrimination, and can perpetuate harmful stereotypes. While algorithms have been developed to improve fairness, they typically face at least one of three shortcomings: they are not interpretable, their prediction quality deteriorates quickly compared to unbiased equivalents, and \%the methodology cannot easily extend other algorithms they are not easily transferable across models\% (e.g., methods to reduce bias in random forests cannot be extended to neural networks) . To address these shortcomings, we propose a geometric method that removes correlations between data and any number of protected variables. Further, we can control the strength of debiasing through an adjustable parameter to address the trade-off between prediction quality and fairness. The resulting features are interpretable and can be used with many popular models, such as linear regression, random forest, and multilayer perceptrons. The resulting predictions are found to be more accurate and fair compared to several state-of-the-art fair AI algorithms across a variety of benchmark datasets. Our work shows that debiasing data is a simple and effective solution toward improving fairness.",https://doi-org.myaccess.library.utoronto.ca/10.1145/3375627.3375864
2020,Measuring Fairness in an Unfair World,Jonathan Herington,"Computer scientists have made great strides in characterizing different measures of algorithmic fairness, and showing that certain measures of fairness cannot be jointly satisfied. In this paper, I argue that the three most popular families of measures - unconditional independence, target-conditional independence and classification-conditional independence - make assumptions that are unsustainable in the context of an unjust world. I begin by introducing the measures and the implicit idealizations they make about the underlying causal structure of the contexts in which they are deployed. I then discuss how these idealizations fall apart in the context of historical injustice, ongoing unmodeled oppression, and the permissibility of using sensitive attributes to rectify injustice. In the final section, I suggest an alternative framework for measuring fairness in the context of existing injustice: distributive fairness.",https://doi-org.myaccess.library.utoronto.ca/10.1145/3375627.3375854
2020,"Towards Just, Fair and Interpretable Methods for Judicial Subset Selection",Lingxiao Huang; Julia Wei; Elisa Celis,"In many judicial systems -- including the United States courts of appeals, the European Court of Justice, the UK Supreme Court and the Supreme Court of Canada -- a subset of judges is selected from the entire judicial body for each case in order to hear the arguments and decide the judgment. Ideally, the subset selected is representative, i.e., the decision of the subset would match what the decision of the entire judicial body would have been had they all weighed in on the case. Further, the process should be fair in that all judges should have similar workloads, and the selection process should not allow for certain judge's opinions to be silenced or amplified via case assignments. Lastly, in order to be practical and trustworthy, the process should also be interpretable, easy to use, and (if algorithmic) computationally efficient. In this paper, we propose an algorithmic method for the judicial subset selection problem that satisfies all of the above criteria. The method satisfies fairness by design, and we prove that it has optimal representativeness asymptotically for a large range of parameters and under noisy information models about judge opinions -- something no existing methods can provably achieve. We then assess the benefits of our approach empirically by counterfactually comparing against the current practice and recent alternative algorithmic approaches using cases from the United States courts of appeals database.",https://doi-org.myaccess.library.utoronto.ca/10.1145/3375627.3375848
2020,Monitoring Misuse for Accountable 'Artificial Intelligence as a Service',Seyyed Ahmad Javadi; Richard Cloete; Jennifer Cobbe; Michelle Seng Ah Lee; Jatinder Singh,"AI is increasingly being offered 'as a service' (AIaaS). This entails service providers offering customers access to pre-built AI models and services, for tasks such as object recognition, text translation, text-to-voice conversion, and facial recognition, to name a few. The offerings enable customers to easily integrate a range of powerful AI-driven capabilities into their applications. Customers access these models through the provider's APIs, sending particular data to which models are applied, the results of which returned.However, there are many situations in which the use of AI can be problematic. AIaaS services typically represent generic functionality, available 'at a click'. Providers may therefore, for reasons of reputation or responsibility, seek to ensure that the AIaaS services they offer are being used by customers for 'appropriate' purposes.This paper introduces and explores the concept whereby AIaaS providers uncover situations of possible service misuse by their customers. Illustrated through topical examples, we consider the technical usage patterns that could signal situations warranting scrutiny, and raise some of the legal and technical challenges of monitoring for misuse. In all, by introducing this concept, we indicate a potential area for further inquiry from a range of perspectives.",https://doi-org.myaccess.library.utoronto.ca/10.1145/3375627.3375873
2020,"""The Global South is everywhere, but also always somewhere"": National Policy Narratives and AI Justice",Amba Kak,"There is more attention than ever on the social implications of AI. In contrast to universalized paradigms of ethics and fairness, a growing body of critical work highlights bias and discrimination in AI within the frame of social justice and human rights (""AI justice""). However, the geographical location of much of this critique in the West could be engendering its own blind spots. The global supply chain of AI (data, computational power, natural resources, labor) today replicates historical colonial inequities, and the continued subordination of Global South countries. This paper draws attention to official narratives from the Indian government and the United Nations Conference on Trade and Development (UNCTAD) advocating for the role (and place) of these regions in the AI economy. Domestically, these policies are being contested for their top-down formulation, and reflect narrow industry interests. This underscores the need to approach the political economy of AI from varying altitudes - global, national, and from the perspective of communities whose lives and livelihoods are most directly impacted in this economy. Without a deliberate effort at centering this conversation it is inevitable that mainstream discourse on AI justice will grow parallel to (and potentially undercut) demands emanating from Global South governments and communities",https://doi-org.myaccess.library.utoronto.ca/10.1145/3375627.3375859
2020,Ethics of Food Recommender Applications,Daniel Karpati; Amro Najjar; Diego Agustin Ambrossio,"The recent unprecedented popularity of food recommender applications has raised several issues related to the ethical, societal and legal implications of relying on these applications. In this paper, in order to assess the relevant ethical issues, we rely on the emerging principles across the AI \&amp; Ethics community and define them tailored context specifically. Considering the popular Food Recommender Systems (henceforth F-RS) in the European market cannot be regarded as personalised F-RS, we show how merely this lack of feature shifts the relevance of the focal ethical concerns. We identify the major challenges and propose a scheme for how explicit ethical agendas should be explained. We also argue how a multi-stakeholder approach is indispensable to ensure producing long-term benefits for all stakeholders. After proposing eight ethical desiderata points for F-RS, we present a case-study and assess it based on our proposed desiderata points.",https://doi-org.myaccess.library.utoronto.ca/10.1145/3375627.3375874
2020,Artificial Intelligence and Indigenous Perspectives: Protecting and Empowering Intelligent Human Beings,Suvradip Maitra,"As 'control' is increasingly ceded to AI systems, potentially Artificial General Intelligence (AGI) humanity may be facing an identity crisis sooner rather than later, whereby the notion of 'intelligence' no longer remains solely our own. This paper characterizes the problem in terms of an impending loss of control and proposes a relational shift in our attitude towards AI. The shortcomings of value alignment as a solution to the problem are outlined which necessitate an extension of these principles. One such approach is considering strongly relational Indigenous epistemologies. The value of Indigenous perspectives has not been canvassed widely in the literature. Their utility becomes clear when considering the existence of well-developed epistemologies adept at accounting for the non-human, a task that defies Western anthropocentrism. Accommodating AI by considering it as part of our network is a step towards building a symbiotic relationship. Given that AGI questions our fundamental notions of what it means to have human rights, it is argued that in order to co-exist, we find assistance in Indigenous traditions such as the Hawaiian and Lakota ontologies. Lakota rituals provide comfort with the conception of non-human soul-bearer while Hawaiian stories provide possible relational schema to frame our relationship with AI.",https://doi-org.myaccess.library.utoronto.ca/10.1145/3375627.3375845
2020,The Windfall Clause: Distributing the Benefits of AI for the Common Good,Cullen O'Keefe; Peter Cihon; Ben Garfinkel; Carrick Flynn; Jade Leung; Allan Dafoe,"As the transformative potential of AI has become increasingly salient as a matter of public and political interest, there has been growing discussion about the need to ensure that AI broadly benefits humanity. This in turn has spurred debate on the social responsibilities of large technology companies to serve the interests of society at large. In response, ethical principles and codes of conduct have been proposed to meet the escalating demand for this responsibility to be taken seriously. As yet, however, few institutional innovations have been suggested to translate this responsibility into legal commitments which apply to companies positioned to reap large financial gains from the development and use of AI. This paper offers one potentially attractive tool for addressing such issues: the Windfall Clause, which is an ex ante commitment by AI firms to donate a significant amount of any eventual extremely large profits. By this we mean an early commitment that profits that a firm could not earn without achieving fundamental, economically transformative breakthroughs in AI capabilities will be donated to benefit humanity broadly, with particular attention towards mitigating any downsides from deployment of windfall-generating AI.",https://doi-org.myaccess.library.utoronto.ca/10.1145/3375627.3375842
2020,Steps Towards Value-Aligned Systems,Osonde A. Osoba; Benjamin Boudreaux; Douglas Yeung,"Algorithmic (including AI/ML) decision-making artifacts are an established and growing part of our decision-making ecosystem. They are now indispensable tools that help us manage the flood of information we use to try to make effective decisions in a complex world. The current literature is full of examples of how individual artifacts violate societal norms and expectations (e.g. violations of fairness, privacy, or safety norms). Against this backdrop, this discussion highlights an under-emphasized perspective in the body of research focused on assessing value misalignment in AI-equipped sociotechnical systems. The research on value misalignment so far has a strong focus on the behavior of individual tech artifacts. This discussion argues for a more structured systems-level approach for assessing value-alignment in sociotechnical systems. We rely primarily on the research on fairness to make our arguments more concrete. And we use the opportunity to highlight how adopting a system perspective improves our ability to explain and address value misalignments better. Our discussion ends with an exploration of priority questions that demand attention if we are to assure the value alignment of whole systems, not just individual artifacts.",https://doi-org.myaccess.library.utoronto.ca/10.1145/3375627.3375872
2020,Contextual Analysis of Social Media: The Promise and Challenge of Eliciting Context in Social Media Posts with Natural Language Processing,Desmond U. Patton; William R. Frey; Kyle A. McGregor; Fei-Tzin Lee; Kathleen McKeown; Emanuel Moss,"While natural language processing affords researchers an opportunity to automatically scan millions of social media posts, there is growing concern that automated computational tools lack the ability to understand context and nuance in human communication and language. This article introduces a critical systematic approach for extracting culture, context and nuance in social media data. The Contextual Analysis of Social Media (CASM) ap-proach considers and critiques the gap between inadequacies in natural language processing tools and differences in geographic, cultural, and age-related variance of social media use and communication. CASM utilizes a team-based approach to analysis of social media data, explicitly informed by community expertise. We use of CASM to analyze Twitter posts from gang-involved youth in Chicago. We designed a set of experiments to evaluate the performance of a support vector machine us-ing CASM hand-labeled posts against a distant model. We found that the CASM-informed hand-labeled data outperforms the baseline distant labels, indicating that the CASM labels capture additional dimensions of information that content-only methods lack. We then question whether this is helpful or harmful for gun violence prevention.",https://doi-org.myaccess.library.utoronto.ca/10.1145/3375627.3375841
2020,The Perils of Objectivity: Towards a Normative Framework for Fair Judicial Decision-Making,Andi Peng; Malina Simard-Halm,"Fair decision-making in criminal justice relies on the recognition and incorporation of infinite shades of grey. In this paper, we detail how algorithmic risk assessment tools are counteractive to fair legal proceedings in social institutions where desired states of the world are contested ethically and practically. We provide a normative framework for assessing fair judicial decision-making, one that does not seek the elimination of human bias from decision-making as algorithmic fairness efforts currently focus on, but instead centers on sophisticating the incorporation of individualized or discretionary bias--a process that is requisitely human. Through analysis of a case study on social disadvantage, we use this framework to provide an assessment of potential features of consideration, such as political disempowerment and demographic exclusion, that are irreconcilable by current algorithmic efforts and recommend their incorporation in future reform.",https://doi-org.myaccess.library.utoronto.ca/10.1145/3375627.3375869
2020,FACE: Feasible and Actionable Counterfactual Explanations,Rafael Poyiadzi; Kacper Sokol; Raul Santos-Rodriguez; Tijl De Bie; Peter Flach,"Work in Counterfactual Explanations tends to focus on the principle of ""the closest possible world"" that identifies small changes leading to the desired outcome. In this paper we argue that while this approach might initially seem intuitively appealing it exhibits shortcomings not addressed in the current literature. First, a counterfactual example generated by the state-of-the-art systems is not necessarily representative of the underlying data distribution, and may therefore prescribe unachievable goals (e.g., an unsuccessful life insurance applicant with severe disability may be advised to do more sports). Secondly, the counterfactuals may not be based on a ""feasible path"" between the current state of the subject and the suggested one, making actionable recourse infeasible (e.g., low-skilled unsuccessful mortgage applicants may be told to double their salary, which may be hard without first increasing their skill level). These two shortcomings may render counterfactual explanations impractical and sometimes outright offensive. To address these two major flaws, first of all, we propose a new line of Counterfactual Explanations research aimed at providing actionable and feasible paths to transform a selected instance into one that meets a certain goal. Secondly, we propose FACE: an algorithmically sound way of uncovering these ""feasible paths"" based on the shortest path distances defined via density-weighted metrics. Our approach generates counterfactuals that are coherent with the underlying data distribution and supported by the ""feasible paths"" of change, which are achievable and can be tailored to the problem at hand.",https://doi-org.myaccess.library.utoronto.ca/10.1145/3375627.3375850
2020,Balancing the Tradeoff Between Clustering Value and Interpretability,Sandhya Saisubramanian; Sainyam Galhotra; Shlomo Zilberstein,"Graph clustering groups entities -- the vertices of a graph -- based on their similarity, typically using a complex distance function over a large number of features. Successful integration of clustering approaches in automated decision-support systems hinges on the interpretability of the resulting clusters. This paper addresses the problem of generating interpretable clusters, given features of interest that signify interpretability to an end-user, by optimizing interpretability in addition to common clustering objectives. We propose a β-interpretable clustering algorithm that ensures that at least β fraction of nodes in each cluster share the same feature value. The tunable parameter β is user-specified. We also present a more efficient algorithm for scenarios with β!=!1$ and analyze the theoretical guarantees of the two algorithms. Finally, we empirically demonstrate the benefits of our approaches in generating interpretable clusters using four real-world datasets. The interpretability of the clusters is complemented by generating simple explanations denoting the feature values of the nodes in the clusters, using frequent pattern mining.",https://doi-org.myaccess.library.utoronto.ca/10.1145/3375627.3375843
2020,Data Augmentation for Discrimination Prevention and Bias Disambiguation,Shubham Sharma; Yunfeng Zhang; Jes\'{u}s M. R\'{\i}os Aliaga; Djallel Bouneffouf; Vinod Muthusamy; Kush R. Varshney,"Machine learning models are prone to biased decisions due to biases in the datasets they are trained on. In this paper, we introduce a novel data augmentation technique to create a fairer dataset for model training that could also lend itself to understanding the type of bias existing in the dataset i.e. if bias arises from a lack of representation for a particular group (sampling bias) or if it arises because of human bias reflected in the labels (prejudice based bias). Given a dataset involving a protected attribute with a privileged and unprivileged group, we create an ""ideal world'' dataset: for every data sample, we create a new sample having the same features (except the protected attribute(s)) and label as the original sample but with the opposite protected attribute value. The synthetic data points are sorted in order of their proximity to the original training distribution and added successively to the real dataset to create intermediate datasets. We theoretically show that two different notions of fairness: statistical parity difference (independence) and average odds difference (separation) always change in the same direction using such an augmentation. We also show submodularity of the proposed fairness-aware augmentation approach that enables an efficient greedy algorithm. We empirically study the effect of training models on the intermediate datasets and show that this technique reduces the two bias measures while keeping the accuracy nearly constant for three datasets. We then discuss the implications of this study on the disambiguation of sample bias and prejudice based bias and discuss how pre-processing techniques should be evaluated in general. The proposed method can be used by policy makers who want to use unbiased datasets to train machine learning models for their applications to add a subset of synthetic points to an extent that they are comfortable with to mitigate unwanted bias.",https://doi-org.myaccess.library.utoronto.ca/10.1145/3375627.3375865
2020,Meta Decision Trees for Explainable Recommendation Systems,Eyal Shulman; Lior Wolf,"We tackle the problem of building explainable recommendation systems that are based on a per-user decision tree, with decision rules that are based on single attribute values. We build the trees by applying learned regression functions to obtain the decision rules as well as the values at the leaf nodes. The regression functions receive as input the embedding of the user's training set, as well as the embedding of the samples that arrive at the current node. The embedding and the regressors are learned end-to-end with a loss that encourages the decision rules to be sparse. By applying our method, we obtain a collaborative filtering solution that provides a direct explanation to every rating it provides. With regards to accuracy, it is competitive with other algorithms. However, as expected, explainability comes at a cost and the accuracy is typically slightly lower than the state of the art result reported in the literature. Our code is available at urlhttps://github.com/shulmaneyal/metatrees.",https://doi-org.myaccess.library.utoronto.ca/10.1145/3375627.3375876
2020,Why Reliabilism Is not Enough: Epistemic and Moral Justification in Machine Learning,Andrew Smart; Larry James; Ben Hutchinson; Simone Wu; Shannon Vallor,"In this paper we argue that standard calls for explainability that focus on the epistemic inscrutability of black-box machine learning models may be misplaced. If we presume, for the sake of this paper, that machine learning can be a source of knowledge, then it makes sense to wonder what kind of em justification it involves. How do we rationalize on the one hand the seeming justificatory black box with the observed wide adoption of machine learning? We argue that, in general, people implicitly adoptreliabilism regarding machine learning. Reliabilism is an epistemological theory of epistemic justification according to which a belief is warranted if it has been produced by a reliable process or method citegoldman2012reliabilism. We argue that, in cases where model deployments require em moral justification, reliabilism is not sufficient, and instead justifying deployment requires establishing robust human processes as a moral ""wrapper'' around machine outputs. We then suggest that, in certain high-stakes domains with moral consequences, reliabilism does not provide another kind of necessary justification---moral justification. Finally, we offer cautions relevant to the (implicit or explicit) adoption of the reliabilist interpretation of machine learning.",https://doi-org.myaccess.library.utoronto.ca/10.1145/3375627.3375866
2020,Social and Governance Implications of Improved Data Efficiency,Aaron D. Tucker; Markus Anderljung; Allan Dafoe,"Many researchers work on improving the data efficiency of machine learning. What would happen if they succeed? This paper explores the social-economic impact of increased data efficiency. Specifically, we examine the intuition that data efficiency will erode the barriers to entry protecting incumbent data-rich AI firms, exposing them to more competition from data-poor firms. We find that this intuition is only partially correct: data efficiency makes it easier to create ML applications, but large AI firms may have more to gain from higher performing AI systems. Further, we find that the effect on privacy, data markets, robustness, and misuse are complex. For example, while it seems intuitive that misuse risk would increase along with data efficiency -- as more actors gain access to any level of capability -- the net effect crucially depends on how much defensive measures are improved. More investigation into data efficiency, as well as research into the ""AI production function"", will be key to understanding the development of the AI industry and its societal impacts.",https://doi-org.myaccess.library.utoronto.ca/10.1145/3375627.3375863
2020,Conservative Agency via Attainable Utility Preservation,Alexander Matt Turner; Dylan Hadfield-Menell; Prasad Tadepalli,"Reward functions are easy to misspecify; although designers can make corrections after observing mistakes, an agent pursuing a misspecified reward function can irreversibly change the state of its environment. If that change precludes optimization of the correctly specified reward function, then correction is futile. For example, a robotic factory assistant could break expensive equipment due to a reward misspecification; even if the designers immediately correct the reward function, the damage is done. To mitigate this risk, we introduce an approach that balances optimization of the primary reward function with preservation of the ability to optimize auxiliary reward functions. Surprisingly, even when the auxiliary reward functions are randomly generated and therefore uninformative about the correctly specified reward function, this approach induces conservative, effective behavior.",https://doi-org.myaccess.library.utoronto.ca/10.1145/3375627.3375851
2020,A Deontic Logic for Programming Rightful Machines,Ava Thomas Wright,"A ""rightful machine"" is an explicitly moral, autonomous machine agent whose behavior conforms to principles of justice and the positive public law of a legitimate state. In this paper, I set out some basic elements of a deontic logic appropriate for capturing conflicting legal obligations for purposes of programming rightful machines. Justice demands that the prescriptive system of enforceable public laws be consistent, yet statutes or case holdings may often describe legal obligations that contradict; moreover, even fundamental constitutional rights may come into conflict. I argue that a deontic logic of the law should not try to work around such conflicts but, instead, identify and expose them so that the rights and duties that generate inconsistencies in public law can be explicitly qualified and the conflicts resolved. I then argue that a credulous, non-monotonic deontic logic can describe inconsistent legal obligations while meeting the normative demand for consistency in the prescriptive system of public law. I propose an implementation of this logic via a modified form of ""answer set programming,"" which I demonstrate with some simple examples.",https://doi-org.myaccess.library.utoronto.ca/10.1145/3375627.3375867
2020,A Fairness-aware Incentive Scheme for Federated Learning,Han Yu; Zelei Liu; Yang Liu; Tianjian Chen; Mingshu Cong; Xi Weng; Dusit Niyato; Qiang Yang,"In federated learning (FL), data owners ""share"" their local data in a privacy preserving manner in order to build a federated model, which in turn, can be used to generate revenues for the participants. However, in FL involving business participants, they might incur significant costs if several competitors join the same federation. Furthermore, the training and commercialization of the models will take time, resulting in delays before the federation accumulates enough budget to pay back the participants. The issues of costs and temporary mismatch between contributions and rewards have not been addressed by existing payoff-sharing schemes. In this paper, we propose the Federated Learning Incentivizer (FLI) payoff-sharing scheme. The scheme dynamically divides a given budget in a context-aware manner among data owners in a federation by jointly maximizing the collective utility while minimizing the inequality among the data owners, in terms of the payoff gained by them and the waiting time for receiving payoff. Extensive experimental comparisons with five state-of-the-art payoff-sharing schemes show that FLI is the most attractive to high quality data owners and achieves the highest expected revenue for a data federation.",https://doi-org.myaccess.library.utoronto.ca/10.1145/3375627.3375840
2020,Joint Optimization of AI Fairness and Utility: A Human-Centered Approach,Yunfeng Zhang; Rachel Bellamy; Kush Varshney,"Today, AI is increasingly being used in many high-stakes decision-making applications in which fairness is an important concern. Already, there are many examples of AI being biased and making questionable and unfair decisions. The AI research community has proposed many methods to measure and mitigate unwanted biases, but few of them involve inputs from human policy makers. We argue that because different fairness criteria sometimes cannot be simultaneously satisfied, and because achieving fairness often requires sacrificing other objectives such as model accuracy, it is key to acquire and adhere to human policy makers' preferences on how to make the tradeoff among these objectives. In this paper, we propose a framework and some exemplar methods for eliciting such preferences and for optimizing an AI model according to these preferences.",https://doi-org.myaccess.library.utoronto.ca/10.1145/3375627.3375862
2020,Assessing Post-hoc Explainability of the BKT Algorithm,Tongyu Zhou; Haoyu Sheng; Iris Howley,"As machine intelligence is increasingly incorporated into educational technologies, it becomes imperative for instructors and students to understand the potential flaws of the algorithms on which their systems rely. This paper describes the design and implementation of an interactive post-hoc explanation of the Bayesian Knowledge Tracing algorithm which is implemented in learning analytics systems used across the United States. After a user-centered design process to smooth out interaction design difficulties, we ran a controlled experiment to evaluate whether the interactive or static version of the explainable led to increased learning. Our results reveal that learning about an algorithm through an explainable depends on users' educational background. For other contexts, designers of post-hoc explainables must consider their users' educational background to best determine how to empower more informed decision-making with AI-enhanced systems.",https://doi-org.myaccess.library.utoronto.ca/10.1145/3375627.3375856
2020,Deepfakes for Medical Video De-Identification: Privacy Protection and Diagnostic Information Preservation,Bingquan Zhu; Hao Fang; Yanan Sui; Luming Li,"Data sharing for medical research has been difficult as open-sourcing clinical data may violate patient privacy. Traditional methods for face de-identification wipe out facial information entirely, making it impossible to analyze facial behavior. Recent advancements on whole-body keypoints detection also rely on facial input to estimate body keypoints. Both facial and body keypoints are critical in some medical diagnoses, and keypoints invariability after de-identification is of great importance. Here, we propose a solution using deepfake technology, the face swapping technique. While this swapping method has been criticized for invading privacy and portraiture right, it could conversely protect privacy in medical video: patients' faces could be swapped to a proper target face and become unrecognizable. However, it remained an open question that to what extent the swapping de-identification method could affect the automatic detection of body keypoints. In this study, we apply deepfake technology to Parkinson's disease examination videos to de-identify subjects, and quantitatively show that: face-swapping as a de-identification approach is reliable, and it keeps the keypoints almost invariant, significantly better than traditional methods. This study proposes a pipeline for video de-identification and keypoint preservation, clearing up some ethical restrictions for medical data sharing. This work could make open-source high quality medical video datasets more feasible and promote future medical research that benefits our society.",https://doi-org.myaccess.library.utoronto.ca/10.1145/3375627.3375849
2020,Arbiter: A Domain-Specific Language for Ethical Machine Learning,Julian Zucker; Myraeka d'Leeuwen,"The widespread deployment of machine learning models in high- stakes decision making scenarios requires a code of ethics for machine learning practitioners. We identify four of the primary components required for the ethical practice of machine learn- ing: transparency, fairness, accountability, and reproducibility. We introduce Arbiter, a domain-specific programming language for machine learning practitioners that is designed for ethical machine learning. Arbiter provides a notation for recording how machine learning models will be trained, and we show how this notation can encourage the four described components of ethical machine learning.",https://doi-org.myaccess.library.utoronto.ca/10.1145/3375627.3375858
