tier,term,records_matched
tier1,alignment,510
tier1,pareto,62
tier1,model merging,62
tier1,bargaining solutions,36
tier1,federated aggregation,28
tier1,aggregation rule,28
tier1,preference models,25
tier1,moe routing,15
tier1,merging methods,14
tier1,byzantine,11
tier1,social choice,7
tier1,mediation,5
tier1,incentives,5
tier1,secure aggregation,5
tier1,named voting rules,4
tier1,distortion,4
tier1,rank aggregation,3
tier1,core,3
tier1,crowd models,3
tier1,collective decision,3
tier1,wisdom of crowds,2
tier1,label aggregation,2
tier1,peer prediction,2
tier1,robust aggregators,2
tier1,perspectivism,1
tier1,voting rule,1
tier1,bargaining solution,1
tier1,preference aggregation,1
tier1,judgment aggregation,1
tier1,coalition formation,1
tier1,rationality,1
tier1,private aggregation,1
welfare,egalitarian and prioritarian,1
welfare,social welfare function,1
welfare,nash welfare,1
preservation,label variation,44
preservation,perspectives,19
preservation,pluralism,7
preservation,plural output,4
preservation,conflicting evidence,3
preservation,minority,1
preservation,position mapping,1
tier2,combining,580
tier2,manipulation,552
tier2,privacy,313
tier2,ensemble,273
tier2,collective,235
tier2,ai alignment,133
tier2,agreement,90
tier2,adjudication,87
tier2,weighting,77
tier2,consensus,65
tier2,routing,55
tier2,crowd,28
tier2,exit,21
tier2,welfare,20
tier2,negotiation,12
tier2,delegation,3
anchors,formal,296
anchors,sources,277
anchors,objects,12
